mean;q1;median;q3;std_dev;min;max;sum
2.4350100878249927;2.234497127207345;2.365437114252591;2.61744254845493;0.31175584995224037;0.207908132115503;4.043616905561478;5322.93205198543
