mean;q1;median;q3;std_dev;min;max
48.8390069867;48.652630544;48.7574003565;49.167269207;0.3918465133445605;48.262454892;49.462003555
