mean;q1;median;q3;std_dev;min;max;sum
7.0318097072812344;5.765645307407941;7.503928792246805;8.19301870715622;1.7759797712637104;0.85781439220653;12.68159425329725;857.8807842883103
