mean;q1;median;q3;std_dev;min;max
3.3998938739;3.269060708;3.452077497;3.5029331519999998;0.12346438491680257;3.17324787;3.52675817
