mean;q1;median;q3;std_dev;min;max;sum
2.4426588697062592;2.1032012015419204;2.237785090816057;2.36580943974053;1.0270678106053008;0;7.117723807838581;383.4974425438823
