mean;q1;median;q3;std_dev;min;max
0.005942535755799987;0.00469873;0.0047572155;0.0049174660000000005;0.024965663629363078;0.004513954;1.03152882
