mean;q1;median;q3;std_dev;min;max;sum
2.207252186154149;2.05676423590285;2.13801883612968;2.2494752131437004;0.4528684792592706;0;8.85420473035232;3944.359656657473
