mean;q1;median;q3;std_dev;min;max
44.7137951575;44.00964644;44.491702611;45.179813951;0.7777199224869294;43.935161074;46.252752187
