mean;q1;median;q3;std_dev;min;max;sum
2.237600278756899;2.05707541686201;2.15232543014569;2.44542713805606;0.3237860391177881;0;7.925796749112001;6482.328007558735
