mean;q1;median;q3;std_dev;min;max
65.00148627220001;64.233531552;64.6502821615;64.890503365;1.1356494359586966;64.102032023;68.007300514
