mean;q1;median;q3;std_dev;min;max;sum
22.064936260667974;20.90778576085683;22.499443620753112;23.26321801916986;6.960471767105375;2.25841693554128;49.4030205;4721.896359782942
