mean;q1;median;q3;std_dev;min;max
5.3533128986000005;5.234715555;5.336023659;5.406152176;0.14507303670876748;5.195123152;5.726730367
