mean;q1;median;q3;std_dev;min;max;sum
2.1014350440018066;1.8673472463294105;2.233712413723797;2.335522841674203;0.32189158223850883;1.558095892202;2.380219456357632;8.405740176007226
