mean;q1;median;q3;std_dev;min;max
0.00013605786460000018;0.000106762;0.000112861;0.000123372;0.0005463920469074651;0.000098731;0.023855185
