mean;q1;median;q3;std_dev;min;max;sum
15.34661934417162;15.11058437074742;15.557962454581265;16.21467624717721;2.531025202641734;0.750231158567956;24.75263972207148;11479.271269440369
