mean;q1;median;q3;std_dev;min;max
21.067381214800005;21.075914772;21.107882956;21.264517283;0.33928759016155075;20.363406812;21.582391939
