mean;q1;median;q3;std_dev;min;max;sum
22.573691704452724;21.85383117322076;22.562680301080846;23.52887524579154;7.175705722613564;0.941059677381532;50.82626640651084;4808.196333048426
