mean;q1;median;q3;std_dev;min;max
5.3333717066999995;5.209406081;5.3143844335;5.389563827;0.12936157723753844;5.18875034;5.64510032
