mean;q1;median;q3;std_dev;min;max;sum
2.523442346144216;2.26924776393466;2.412558722054624;2.7515913389551745;0.35951987735686225;0.21836030765136297;4.073296732410235;4378.172470560211
