mean;q1;median;q3;std_dev;min;max
48.354370747400004;48.115719542;48.1607657605;48.197177114;0.6626702607493652;47.921337045;50.327866666
