mean;q1;median;q3;std_dev;min;max;sum
2.1691373885631724;2.11253037384634;2.1935284141627793;2.2861406099385206;0.2611887707740258;0.49075001128147494;2.8435283002437504;338.3854326158547
