mean;q1;median;q3;std_dev;min;max
0.003994794096800004;0.0034268805;0.0034754165;0.0035607375;0.002950316481664514;0.003304903;0.030210608
