mean;q1;median;q3;std_dev;min;max;sum
1.90548170471584;1.2229019432575239;2.1820043125026;2.4743337035020483;0.9313725556018649;0;8.07898770955386;1105.1793887351857
