mean;q1;median;q3;std_dev;min;max
21.837936300499997;21.604269357;21.890814188500002;21.943613121;0.3160692785390931;21.346336588;22.480994429
