mean;q1;median;q3;std_dev;min;max;sum
2.2222069292883093;2.1364179499294;2.222324328742784;2.31793657355975;0.2658759612206059;0.6846675328642601;3.1391437060130403;317.7755908882282
