mean;q1;median;q3;std_dev;min;max
0.00409981353850001;0.003419984;0.003475795;0.0035688509999999996;0.003163936379800814;0.003267468;0.059383736
