metric;mean;q1;median;q3;std_dev;min;max
cpu_usage;88.19039645382004;85.71428680419922;89.47368621826172;90.47618865966795;10.95247783725093;0;100
disk_read;1032296.1176470591;0;52428.5;696729.5;2155293.9109084415;0;7107379
network_in;4845.196078431369;4391;5660;5813;1513.4935663156084;127;6044
disk_used;5764611734.588238;5764612096;5764640768;5764644864;61587.34074551537;5764452352;5764644864
network_out;4949.078431372546;4493;5766.5;5911;1517.1918182801949;187;6141
disk_total;105597712384;105597712384;105597712384;105597712384;0;105597712384;105597712384
ram_total;492982272;492982272;492982272;492982272;0;492982272;492982272
ram_used;96266581.33333334;92860416;92942336;97239040;7692359.758051012;90308608;129318912
disk_write;36719.17647058826;0;1638;13926;110292.27864485682;0;598016
