mean;q1;median;q3;std_dev;min;max;sum
0.2880380689459951;0.138134457348075;0.2812590543623532;0.43438408320004124;0.1753832443906326;0;0.891099022160596;1553.101267756806
