mean;q1;median;q3;std_dev;min;max
0.017626028083663904;0.006344283;0.012918624;0.022623367999999998;0.018460616500893142;0.002056142;0.570514611
