mean;q1;median;q3;std_dev;min;max;sum
2.2611072179573704;2.062548723709676;2.1935476009871366;2.3212471844618547;0.5170870693758904;0.2940077139530622;4.313572580788;511.0102312583654
