mean;q1;median;q3;std_dev;min;max
0.0063868355019000055;0.0046689999999999995;0.0047215304999999996;0.0048562295;0.036604040072963334;0.004490896;1.527015638
