metric;mean;q1;median;q3;std_dev;min;max
ram_total;492982272;492982272;492982272;492982272;0;492982272;492982272
ram_used;148557643.104101;151488512;151891968;152649728;15965870.8857054;74461184;184602624
disk_used;6315511497.892743;6316732416;6316732416;6316736512;7998889.269141798;6211809280;6316736512
network_in;9757.514195583597;6496.5;12793;13036;5160.474257173148;0;13991
disk_total;105597712384;105597712384;105597712384;105597712384;0;105597712384;105597712384
disk_write;81439.18611987385;0;0;20889.5;176688.60692568045;0;722534
cpu_usage;87.64794556049142;85;89.47368621826172;95;14.445397045473744;0;100
disk_read;3362792.58675079;0;0;896204;7298564.00677879;0;22631219
network_out;35223.93059936908;22287.5;46346;47319;18894.128836087642;0;50758
