mean;q1;median;q3;std_dev;min;max;sum
16.046041249429653;15.312590707433362;16.229171679325678;17.2381440700625;2.7497614685697966;0.83289589957565;22.135093931628724;8664.862274692014
