mean;q1;median;q3;std_dev;min;max
13.524844694099999;12.988039973;13.141228869999999;13.311921021;0.9220413670976222;12.707935653;15.340734852
