mean;q1;median;q3;std_dev;min;max;sum
2.5865291681483877;2.299961009709087;2.43134366202286;2.6336512334322704;0.7055120489811686;0.573198683495998;5.9143136914313095;796.650983789703
