mean;q1;median;q3;std_dev;min;max
8.656974061300001;8.633664299;8.6499751705;8.689332089;0.049375280519355115;8.583508641;8.752778581
