metric;mean;q1;median;q3;std_dev;min;max
ram_used;5054040296.835264;4232679424;4533833728;6189031424;1035171320.3428745;3840110592;7456288768
disk_used;9122357248;9122357248;9122357248;9122357248;0;9122357248;9122357248
cpu_usage;13.824575589178892;12.5;13.095238089561462;13.75;3.612422128837744;1.1904761791229248;34.459301829338074
disk_write;26816.79582366591;0;0;819;165112.33739331842;0;1430323
network_in;9438.104408352665;10062;10413;10614;2732.22671922507;179;11295
network_out;688352.4547563805;743947;762273;776718;203917.7589907666;69;815586
disk_total;52755781632;52755781632;52755781632;52755781632;0;52755781632;52755781632
disk_read;477663.8352668218;0;0;0;1213663.9288478624;0;4165632
ram_total;16781892814.700691;16781893632;16781893632;16781893632;2455.06369426779;16781885440;16781893632
