mean;q1;median;q3;std_dev;min;max;sum
10.102331403198278;5.9137979060281705;11.635434960838165;13.133098836102615;5.415913978952106;0.13955139910525002;20.82065403774365;12930.984196093788
