mean;q1;median;q3;std_dev;min;max
28.666221643100002;28.058490273;28.8943474975;29.729850557;1.5646836891184797;25.871892366;31.278805057
