mean;q1;median;q3;std_dev;min;max;sum
2.9783622696872087;2.86963326360262;2.994634552202898;3.096618020668827;0.333018887312465;0.9322320638928839;4.83830560138947;679.066597488684
