mean;q1;median;q3;std_dev;min;max
0.0072582841269000185;0.0060771795;0.006263457;0.006918848;0.0035123788621766465;0.005475724;0.036156238
