mean;q1;median;q3;std_dev;min;max;sum
3.841603755286543;3.2833344219956784;3.9838214818505;4.537130079938125;1.06003360652564;0.67524651963922;11.604026977499998;3426.7105497155994
