mean;q1;median;q3;std_dev;min;max
22.4181394021;22.330490555;22.3823905315;22.554026711;0.1464682708086491;22.199441251;22.71639108
