metric;mean;q1;median;q3;std_dev;min;max
disk_used;9122413488.243504;9122357248;9122357248;9122357248;738924.9977534991;9122357248;9135030272
ram_used;3843554352.5872874;3733495808;3913510912;4069873664;449718798.9276133;2591817728;5681491968
ram_total;16782892241.933765;16782893056;16782893056;16782893056;2450.7400608968974;16782884864;16782893056
network_in;21.613249776186194;0;10;10;124.51403448670737;0;2541
disk_read;4726739.628469116;662732.5;922419;4272947;7794445.784253288;0;32370688
cpu_usage;41.57659536882936;37.19924855232239;42.28696823120117;49.315476417541504;10.130747062978244;6.3878443241119385;93.84920692443848
disk_total;52755781632;52755781632;52755781632;52755781632;0;52755781632;52755781632
disk_write;152815.5559534467;0;0;0;648593.6039483856;0;4491673
network_out;99.24171888988354;0;0;0;1830.1683967742943;0;36118
