mean;q1;median;q3;std_dev;min;max;sum
1.545206735761377;0.7389282816638081;0.9665761613463641;3.16205000547543;1.1807092651924187;0.244889690684184;3.192220114052112;9.271240414568263
