mean;q1;median;q3;std_dev;min;max
0.00015096092469999987;0.000106451;0.00011257150000000001;0.0001219215;0.0007769893627084714;0.000096011;0.026439735
