mean;q1;median;q3;std_dev;min;max;sum
1.992795692650005;1.8085012800039901;1.920338254653684;2.198695092726484;0.2757612214389324;0.681184113587112;2.747731117589146;872.8445133807014
