mean;q1;median;q3;std_dev;min;max
0.01224514388350007;0.009625923;0.01066943;0.013611380499999999;0.004397854504495646;0.008653581;0.038313253
