metric;mean;q1;median;q3;std_dev;min;max
ram_total;492982272;492982272;492982272;492982272;0;492982272;492982272
disk_read;28926.695581014763;0;0;0;95486.05026133198;0;409600
disk_write;813.8117839607206;0;0;0;4548.362693009502;0;47513
disk_used;5460673128.746322;5460672512;5460672512;5460672512;1464.8607089842037;5460672512;5460676608
cpu_usage;91.42122077005392;90;90;95;7.205020365775805;10;100
network_in;10629.841243862507;10673;10964;11318;1839.0892215031854;310;12752
network_out;247903.41080196397;252418;255582;261807;42746.32789638219;3234;283725
disk_total;105597712384;105597712384;105597712384;105597712384;0;105597712384;105597712384
ram_used;155085145.24386263;154628096;155783168;156545024;2772368.6848837105;140550144;161525760
