mean;q1;median;q3;std_dev;min;max;sum
1.8519144212025729;1.7458065171182129;1.8312604317667036;1.9278456765099439;0.22504505267219171;0.8293191810575681;2.51185488235954;474.09009182785854
