mean;q1;median;q3;std_dev;min;max
0.007227796449999988;0.00564989;0.0058543875;0.007276253;0.0038995311463457688;0.005074459;0.036239149
