mean;q1;median;q3;std_dev;min;max;sum
13.157778867901442;3.087063974935745;10.985163024112001;20.61740144979219;11.371593359823125;0;40.14894672109351;7118.358367534692
