mean;q1;median;q3;std_dev;min;max
13.4806549031;10.909358893;11.621643604500001;13.571088283;4.3830167066511505;10.596387569000001;25.684049143
