mean;q1;median;q3;std_dev;min;max;sum
2.752443235600745;2.230122500197416;2.3412776762141156;2.510641829207454;1.5640566562456424;0.604679012575;12.04453041411422;858.7622895074326
