mean;q1;median;q3;std_dev;min;max
8.755551043699999;8.57587532;8.7900359065;8.903914707;0.1514815704166686;8.509663173;8.934638537
