metric;mean;q1;median;q3;std_dev;min;max
cpu_usage;29.214680330704223;25;26.190476179122925;27.440476179122925;12.115744395608315;2.5;98.75
ram_used;3470238886.37071;2924826624;3240120320;4023705600;686706981.0367314;2615037952;5152620544
disk_total;52755781632;52755781632;52755781632;52755781632;0;52755781632;52755781632
ram_total;16782892249.922195;16782893056;16782893056;16782893056;2440.0057253126724;16782884864;16782893056
network_in;9463.178489702517;10151;10527;10775;2808.310873739723;189;11462
disk_used;9122878930.306639;9122357248;9122357248;9122357248;2567628.9466193984;9122357248;9149108224
network_out;679890.6270022888;744695.5;762326;772169.5;214537.94653057645;82;825835
disk_read;484270.8283752859;0;0;0;1208950.5630254142;0;4868505
disk_write;504214.6086956522;0;0;15564;1238020.3691059246;0;5867929
