mean;q1;median;q3;std_dev;min;max;sum
14.985246450572197;8.64769782817252;12.004964686488204;21.44534386060626;10.966603731617592;0.2067059820660768;40.31007169593295;9141.000334849043
