mean;q1;median;q3;std_dev;min;max
15.2308382255;14.811607039;15.262291177000002;15.621637737;0.5029402756637161;14.343466723;15.996116637
