mean;q1;median;q3;std_dev;min;max;sum
0.10003303057616009;0.073467423666317;0.0813774330007938;0.15952587039458715;0.06750717380195179;0;0.575165903527776;533.0760199403556
