mean;q1;median;q3;std_dev;min;max
0.001515068173369398;0.0005207305;0.000981209;0.0020513965;0.0013704674730702034;0.000166133;0.013451514
