mean;q1;median;q3;std_dev;min;max;sum
9.955820675669587;5.406762730188747;11.217795550882514;13.193642487017424;5.6897520427965755;0.25515529882808397;32.257269327748396;13699.209249721369
