mean;q1;median;q3;std_dev;min;max
30.8892255618;29.606724409;30.983077153500002;32.166940497;1.2856495866126694;29.308438528;32.320386323
