mean;q1;median;q3;std_dev;min;max;sum
1.9099903270315939;1.22002379890905;2.279681755425783;2.48869925412262;0.945438066419147;0;8.32232402392092;1814.4908106800149
