mean;q1;median;q3;std_dev;min;max
21.372040124299996;21.059576693;21.33199797;21.665028782;0.3172471343316247;21.005001116;21.97359938
