mean;q1;median;q3;std_dev;min;max;sum
0.06414859649113674;0;0.0765826315759302;0.08270004447478235;0.059918843181068875;0;1.1678883543678753;344.6704089468774
