mean;q1;median;q3;std_dev;min;max
0.004619306060718158;0.0027621015;0.003259308;0.0038907255;0.004709598287265561;0.00092302;0.045696465
