mean;q1;median;q3;std_dev;min;max;sum
3.396978016374684;2.408432864391552;2.8771476898182264;5.308445495714531;2.024687309167779;0;7.9610755724081095;197.02472494973168
