mean;q1;median;q3;std_dev;min;max
0.001434023337099996;0.000600259;0.000613319;0.000632384;0.027526128193172406;0.000570803;1.006834594
