mean;q1;median;q3;std_dev;min;max;sum
17.11625507221859;10.055956359646103;12.134562911537639;26.792851307544836;10.743707888850771;0.36261650567961995;38.89596993922793;7479.803466559532
