mean;q1;median;q3;std_dev;min;max
10.911088596499999;10.708710944;10.8255612325;11.170715163;0.3273582044184341;10.423170085;11.508962666
