mean;q1;median;q3;std_dev;min;max;sum
2.4727634519393256;2.188670338030011;2.341863100189275;2.470812914634105;0.7468048560444107;0.764177404174644;7.0866062848308;348.65964672344506
