mean;q1;median;q3;std_dev;min;max
0.003951136507299995;0.0034450534999999997;0.0035091845;0.003592891;0.0029703462549708778;0.003294111;0.061630143
