mean;q1;median;q3;std_dev;min;max;sum
0.31659520659915535;0.15318038796462313;0.246906581301312;0.48502327561182346;0.22949980561684707;0;1.120125802308487;1706.1315683628457
