mean;q1;median;q3;std_dev;min;max
0.039937336122864465;0.0143281495;0.029258283;0.055094915;0.03503299509620121;0.002139053;0.385473623
