metric;mean;q1;median;q3;std_dev;min;max
disk_total;105597712384;105597712384;105597712384;105597712384;0;105597712384;105597712384
network_out;3756.18213572854;1682;3584;5759.5;2359.595340854387;0;8709
ram_used;144169167.7977377;137932800;144994304;153276416;11328711.22820444;111292416;161046528
disk_read;848.8958749168313;0;0;0;16815.952308420063;0;554598
cpu_usage;4.340281107468518;0;4.761904716491699;5.263157844543457;4.379653078489454;0;31.81818199157715
disk_write;280278.9630738529;137625;285900;419430;161730.5595466054;0;618496
ram_total;492982272;492982272;492982272;492982272;0;492982272;492982272
network_in;6132.122089155019;3030.5;6304.5;9170.5;3559.220713894737;0;13884
disk_used;5461613892.3007345;5460176896;5461161984;5462839296;1580072.5066612253;5459652608;5465083904
