mean;q1;median;q3;std_dev;min;max;sum
2.4721240164887095;2.238647708093184;2.43705009986784;2.6504705351156996;0.5459922304086465;0;4.22813588814111;244.74027763238223
