mean;q1;median;q3;std_dev;min;max
0.0028243348161000087;0.0017111375;0.0017313385;0.0017678799999999999;0.02951034677185238;0.001632687;1.025580226
