mean;q1;median;q3;std_dev;min;max;sum
2.6222655766539624;2.5435249817635;2.611627132847628;2.7136168044747366;0.15224575786195738;0.8857242095750401;3.23270000021231;2116.168320359748
