mean;q1;median;q3;std_dev;min;max
0.020127283356800012;0.017399855;0.0179509035;0.0190953415;0.006227272738703006;0.016688915;0.087949529
