mean;q1;median;q3;std_dev;min;max;sum
2.3367490876085864;2.18946371938976;2.2903612738322403;2.4260326576694338;0.4180225571401123;0;7.5110876647532;3173.305260972463
