mean;q1;median;q3;std_dev;min;max
30.4279091587;30.109695992;30.57601381;30.634063143;0.32481208959490004;29.930238582;30.999002638
