mean;q1;median;q3;std_dev;min;max;sum
1.0592867421846022;0.7561315521485724;0.8300720141365081;0.9293141320308035;0.93596905822695;0.07490102472497161;8.59804168421112;348.50533817873395
