mean;q1;median;q3;std_dev;min;max
8.216144774800002;8.016110044;8.050821465999999;8.492754442;0.23863231431644863;7.987613889;8.539952022
