mean;q1;median;q3;std_dev;min;max;sum
1.843747933019448;1.5545798998889007;1.6106879447305609;2.1329159661499952;0.4577787875879383;1.5200089691125998;2.6336068735040703;7.374991732077792
