mean;q1;median;q3;std_dev;min;max
0.00013549301959999956;0.000106741;0.000112952;0.000121411;0.0005928320000171277;0.000098021;0.024234868
