mean;q1;median;q3;std_dev;min;max;sum
1.8013593838125193;1.73616377584689;1.8243256438834259;1.9232216616445;0.2791256137489765;0.18826494494750098;2.3887524749424;192.74545406793948
