mean;q1;median;q3;std_dev;min;max
0.00396531727239997;0.003011256;0.0031962385;0.004012518499999999;0.0026830732075202863;0.002654973;0.031837734
