metric;mean;q1;median;q3;std_dev;min;max
disk_total;105597712384;105597712384;105597712384;105597712384;0;105597712384;105597712384
cpu_usage;89.22502088788806;86.36363983154297;90;95;12.860839574423629;5.263157844543457;100
disk_write;66.53299492385781;0;0;0;931.4619289340106;0;13107
disk_read;77761.47715736038;0;0;264601.5;131958.8642895757;0;351436
network_out;12212.26395939087;13172;13910;14199.5;3792.9694849921734;124;15180
ram_used;148999817.74619284;146743296;149504000;151977984;3965309.864355043;135667712;161910784
disk_used;5460672512;5460672512;5460672512;5460672512;0;5460672512;5460672512
network_in;19396.583756345175;20933.5;22075;22532;6004.456829438357;246;24100
ram_total;492982272;492982272;492982272;492982272;0;492982272;492982272
