mean;q1;median;q3;std_dev;min;max;sum
4.0436621551061736;3.5437222447402754;4.153536823386202;4.62411440651547;0.9535706087070116;0.2718399872775265;11.94633350498496;3097.445210811329
