mean;q1;median;q3;std_dev;min;max
19.1758797375;19.106612394;19.1296596325;19.277731379;0.13621280516100995;18.967776079;19.482632402
