mean;q1;median;q3;std_dev;min;max;sum
1.1193759427496055;0.7554634862109731;0.827458464233799;0.911276946882254;1.09762428634984;0;8.88480022556916;285.44086540114955
