mean;q1;median;q3;std_dev;min;max
8.2830952635;7.990501458;8.2682324805;8.585898894;0.2828766564640503;7.979023482;8.590904988
