mean;q1;median;q3;std_dev;min;max;sum
2.9596721782056727;2.54993746741585;2.7436150497258582;3.0779739993767095;1.0579856483721275;0.07852605905756802;14.695370319589962;13877.902843606334
