mean;q1;median;q3;std_dev;min;max
130.3429595385;129.005128195;129.74701808700001;131.753038467;2.0946608925332946;127.475997413;135.124327202
