mean;q1;median;q3;std_dev;min;max;sum
1.9401059027320176;1.81533225835179;1.901301526356118;2.036128995658463;0.20547785297086835;0.8499349169280089;2.6885705343966477;847.826279493892
