mean;q1;median;q3;std_dev;min;max
0.012287264822000023;0.009617681;0.0106670735;0.01397423;0.004420128697627995;0.008749011;0.038565925
