mean;q1;median;q3;std_dev;min;max;sum
5.810366237009271;4.995558182242445;5.933620522609;6.846615095998235;1.3990572563015506;0.651177930417701;9.79929558147925;1121.400683742789
