mean;q1;median;q3;std_dev;min;max
4.333221427800001;4.210010467;4.3391142805000005;4.400705407;0.09931802777979953;4.187032767;4.477788616
