mean;q1;median;q3;std_dev;min;max;sum
2.5907911042323755;2.5235631235039713;2.5866627680032823;2.6713031711167394;0.15843894837539138;0.5922869020329811;2.98560454891908;1906.822252715028
