mean;q1;median;q3;std_dev;min;max
0.020726127225099963;0.0179752585;0.0186062715;0.019801751;0.006168686468986509;0.017072977;0.09299222
