mean;q1;median;q3;std_dev;min;max;sum
0.11541324333936513;0.07564786967886329;0.0858955500383988;0.16659906015798348;0.07636926243809888;0;1.4288960595478961;615.1525869988161
