mean;q1;median;q3;std_dev;min;max
0.0008431366026640787;0.000405084;0.000622159;0.001070635;0.0006404131765754016;0.00017453;0.025089898
