mean;q1;median;q3;std_dev;min;max;sum
2.827960348725253;2.2513071762616024;2.416565858871847;2.632914080710641;1.5509558654376943;0;7.31812526073912;339.35524184703036
