mean;q1;median;q3;std_dev;min;max
0.002702792273999994;0.0017166780000000001;0.0017372185;0.0017766185;0.02672852373987331;0.001655422;1.01334004
