mean;q1;median;q3;std_dev;min;max;sum
22.919997443050626;21.574764764398935;23.046151763380948;25.247342410652898;5.160136113693616;0.74368937149219;31.933978581655435;9718.078915853454
