mean;q1;median;q3;std_dev;min;max
10.6105507317;10.460535839;10.655869538;10.693002425;0.16525115012566088;10.365232097;10.939020217
