mean;q1;median;q3;std_dev;min;max;sum
2.2059796042843107;2.1226919862042903;2.22732360840645;2.3442940209361818;0.27762920634667243;0.601054038113982;2.64512516486271;330.89694064264654
