mean;q1;median;q3;std_dev;min;max
0.0037441392875999916;0.0031319375;0.0031952394999999996;0.0032701515;0.002981577411159245;0.003018122;0.031904288
