metric;mean;q1;median;q3;std_dev;min;max
network_in;5234.98936170213;4792.5;6113;6315;1624.4590686884897;125;6554
disk_read;987985.356382979;0;64716;1185382;1930587.9262778985;0;6452019
disk_total;105597712384;105597712384;105597712384;105597712384;0;105597712384;105597712384
ram_total;492982272;492982272;492982272;492982272;0;492982272;492982272
network_out;5346.521276595749;4895;6221.5;6424;1632.4826298559346;219;6670
disk_write;28140.085106382983;0;1638;6553;88360.34868965033;0;534118
disk_used;5650224389.446807;5650227200;5650255872;5650255872;62510.22472369835;5650067456;5650255872
cpu_usage;87.67189642723572;85.71428680419922;89.47368621826172;90;11.413025978831019;5;100
ram_used;106948586.21276592;101976064;103491584;108929024;7391330.53387305;101777408;137490432
