mean;q1;median;q3;std_dev;min;max;sum
2.357668533882633;2.10258520756333;2.20032108123588;2.3593847730380584;0.9874830879873109;0;7.1207182918920005;624.7821614788983
