mean;q1;median;q3;std_dev;min;max
0.005978024201100018;0.0046716935;0.00471943;0.0048318605;0.025463153988793095;0.004503198;1.032318098
