mean;q1;median;q3;std_dev;min;max;sum
6.976086498485852;5.828699969411279;7.37295221853555;7.93878847144128;1.5974736997219776;0.369795006064638;11.332818309835888;962.6999367910475
