mean;q1;median;q3;std_dev;min;max
3.4318865187;3.385702345;3.4202090535;3.446996151;0.08867722973458515;3.302353813;3.624209371
