mean;q1;median;q3;std_dev;min;max;sum
3.995265200358787;4.01875315281346;4.158485206710738;4.283021013358234;0.5919852347268533;0.41206376004816;6.112222489107981;2904.557800660843
