mean;q1;median;q3;std_dev;min;max
0.02033236672969996;0.017647158500000003;0.018344598;0.0197551905;0.005839438341474984;0.016623095;0.046095495
