mean;q1;median;q3;std_dev;min;max;sum
3.6719817384318927;3.368387228828885;3.7060982988652595;3.9834106482138;0.46630396121899337;0.19424643776193598;4.743246352590416;1791.927088354763
