mean;q1;median;q3;std_dev;min;max
0.012165449430800009;0.010097182;0.010989645999999999;0.012287840000000001;0.004196604302540483;0.008998281;0.041513124
