mean;q1;median;q3;std_dev;min;max;sum
22.433586139594304;20.986707666022;22.668091220512082;24.59568567677702;5.13476962856595;0.427282515590154;35.949931778523236;9489.406937048392
