mean;q1;median;q3;std_dev;min;max
10.536082801;10.367672658;10.571347845;10.625501848;0.1813242855240495;10.253337926;10.892726108
