mean;q1;median;q3;std_dev;min;max;sum
2.845479758294317;2.27059323637104;2.3928766121506397;2.669153894585728;1.1655970034479337;0.36990714587062945;8.743419303266359;3286.529120829935
