mean;q1;median;q3;std_dev;min;max
37.0101300622;36.834433238;37.059430585;37.276675432;0.30284651649864;36.543205971;37.479028018
