mean;q1;median;q3;std_dev;min;max;sum
2.7577694760574927;2.48271619254393;2.6971254215162603;2.993446129787308;1.1838564265793223;0;12.884587592740601;12440.298106495304
