mean;q1;median;q3;std_dev;min;max
126.0418391499;120.011562017;127.4601934425;130.604472601;6.404698285306614;116.156384382;138.087210722
