mean;q1;median;q3;std_dev;min;max;sum
2.588071280400011;2.512123757395965;2.6314118059987024;2.779566621888115;0.7125175017395822;0.50760862667544;4.164896860983569;144.93199170240067
