mean;q1;median;q3;std_dev;min;max
0.0015968429956000007;0.0005930404999999999;0.0006073665;0.000629337;0.031399305900606765;0.000557411;1.507259248
