mean;q1;median;q3;std_dev;min;max;sum
0.17330290428980816;0;0.0759059608080106;0.0820979514253856;0.8210946809525691;0;10.265698188503999;561.5014098989781
