mean;q1;median;q3;std_dev;min;max
0.03568389380127281;0.00246865;0.002999807;0.0058152005;0.308351166593437;0.000894921;8.652951087
