mean;q1;median;q3;std_dev;min;max;sum
1.071481271470088;0.72175827194807;0.7925900516297301;0.8958274884083945;1.0261802436398144;0;7.46329881532375;395.3765891724624
