mean;q1;median;q3;std_dev;min;max
8.262985264500001;8.04254816;8.1519916015;8.534769913;0.23244965137310336;8.033061649;8.547593083
