mean;q1;median;q3;std_dev;min;max;sum
12.830976202941418;8.44765217908792;11.92850211313611;15.079903571891375;6.739190816216617;0.739833038040274;41.01869373792768;8737.894794203097
