mean;q1;median;q3;std_dev;min;max
19.363195669400003;18.487364733;19.535555031;20.199459998;0.8725155863636099;17.801987755;20.501762496
