metric;mean;q1;median;q3;std_dev;min;max
disk_used;9142091000.04969;9122140160;9143988224;9155170304;16167015.606204424;9120870400;9187078144
network_in;19.078674948240156;0;10;10;49.79914128555226;0;249
disk_read;13999869.78881988;9804185;11366809.5;14724300;7974365.9104016675;340787;41615360
cpu_usage;23.8286647574502;17.031784057617188;23.444477945566177;29.01002526283264;10.432071162214449;0.8928571939468384;61.27734112739563
disk_write;10311979.792960664;8842444;10544742;12003737;2634455.8769340413;1308262;17966694
ram_used;7477886759.751541;7152963584;7543728128;7780446208;400290649.3107539;6619140096;8476872704
ram_total;16779888135.420294;16779882496;16779890688;16779890688;3794.0835260219155;16779882496;16779890688
disk_total;52755781632;52755781632;52755781632;52755781632;0;52755781632;52755781632
network_out;5.64182194616977;0;0;0;18.16316861092803;0;82
