mean;q1;median;q3;std_dev;min;max;sum
2.530490646737968;2.2169871776227126;2.343286233754645;2.501057756345166;0.7906572043089193;0.347337662801273;6.37252749436056;404.87850347807495
