mean;q1;median;q3;std_dev;min;max
0.003950992818899991;0.003451954;0.0035027584999999997;0.003571234;0.002971009537276514;0.003307522;0.033110511
