mean;q1;median;q3;std_dev;min;max;sum
2.6562503224057314;2.41709330718365;2.5163291207994836;2.692917409813292;0.9331508089348572;0;8.67781017454876;703.9063354375194
