mean;q1;median;q3;std_dev;min;max
6.630071564500001;6.284462156;6.7640728575;6.803862679;0.3112979896828211;6.258467885;7.222821593
