mean;q1;median;q3;std_dev;min;max;sum
2.499205288884005;2.368305667978804;2.46971721332966;2.61702898594807;0.2311112083592632;0.2241966072478678;3.86761454429034;2551.688599950563
