mean;q1;median;q3;std_dev;min;max
25.366782099599998;25.279863294;25.346942892;25.431997866;0.09720255397573721;25.233598132;25.563711101
