mean;q1;median;q3;std_dev;min;max;sum
2.689271128558247;2.25482321859546;2.356702806657025;2.7489959822138523;0.8334914991398361;0.283759210487884;6.9836585441626795;4356.619228264351
