mean;q1;median;q3;std_dev;min;max
36.2243155975;36.08505718;36.220210783;36.307014633;0.19416444265610708;35.937916522;36.601681294
