metric;mean;q1;median;q3;std_dev;min;max
disk_used;6810968825.203541;6810959872;6810976256;6810976256;8156.55767874866;6810959872;6810976256
ram_total;16781893632;16781893632;16781893632;16781893632;0;16781893632;16781893632
cpu_usage;14.374245098602461;12.5;12.5;13.4766606092453;4.149740281405215;0.5952380895614624;33.104636669158936
ram_used;2014555249.2743366;1673496576;2007842816;2288021504;474420230.83358526;1071276032;3952545792
disk_total;105597712384;105597712384;105597712384;105597712384;0;105597712384;105597712384
network_in;14.752212389380526;0;10;10;39.76808454279233;0;254
disk_read;7279801.409292041;8414003;8683929.5;8835891;3125148.525071324;0;9392947
disk_write;12055.023230088505;0;0;0;58774.43207866678;0;364544
network_out;4.798119469026553;0;0;0;14.580136232895697;0;96
