mean;q1;median;q3;std_dev;min;max;sum
1.763818155137617;1.032029163363902;2.125378694096589;2.3148268774318463;0.6480538232220925;0.682490099285916;2.467365675689053;8.819090775688085
