mean;q1;median;q3;std_dev;min;max
0.0001386096366000004;0.000107001;0.000112131;0.000120526;0.0006487591587113158;0.000100041;0.02445799
