mean;q1;median;q3;std_dev;min;max;sum
1.8621698050165745;1.7810142639943192;1.8623281859779959;1.940862592846527;0.22362067165438024;0.7065176674764999;2.5093629383724996;540.0292434548068
