mean;q1;median;q3;std_dev;min;max
0.007212346339599997;0.0056219335;0.005818077;0.0072494075;0.003856424875617148;0.005032303;0.034701973
