mean;q1;median;q3;std_dev;min;max;sum
0.05983011409520411;0;0.07494791957409;0.08023725071043425;0.06005515633535844;0;1.4234972449508798;321.1680524630552
