mean;q1;median;q3;std_dev;min;max
0.0076289910598153566;0.0030587405;0.00390125;0.0118461325;0.006827605551574822;0.000900157;0.040865935
