mean;q1;median;q3;std_dev;min;max;sum
2.2133893966034024;2.05028753402607;2.1310354122234267;2.24961995452068;0.46290458482758445;0.7614831122303749;9.40635402621273;3944.259904747272
