mean;q1;median;q3;std_dev;min;max
44.3802569132;43.544916752;44.115587376;44.502292233;1.0733497774229666;43.304398965;47.139162982
