mean;q1;median;q3;std_dev;min;max;sum
2.2762255578243593;2.08898441316653;2.193019317903218;2.462961949577976;0.3940617218132167;0;8.266757075218452;6655.683531078423
