mean;q1;median;q3;std_dev;min;max
65.54709272490001;65.257002359;65.538563897;65.913263362;0.39784920148268105;64.852763037;66.182864253
