mean;q1;median;q3;std_dev;min;max;sum
0.6870560338794238;0;0.07697885866323201;0.15794229698846074;1.3268843593095394;0;4.853598257404796;1928.5662870995402
