mean;q1;median;q3;std_dev;min;max
0.5957100930749923;0.0029195215;0.003690723;0.009838257;2.8161516408206273;0.001112345;41.138318828
