mean;q1;median;q3;std_dev;min;max;sum
2.5917306041227346;2.44056383165112;2.533202844887551;2.6453206194737797;0.3651820527199905;0.35725983341529;6.097307990930999;2648.748677413436
