mean;q1;median;q3;std_dev;min;max
25.3489411323;25.146080898;25.385529083;25.504135946;0.22611926937976787;24.935743051;25.732665922
