mean;q1;median;q3;std_dev;min;max;sum
9.718648602232982;4.975763493087815;11.363026646444524;12.64200215546886;5.394439603139225;0.24988434823522102;20.19096471722445;10029.645357504425
