mean;q1;median;q3;std_dev;min;max
28.7387084128;27.832142744;28.861339697;29.890477411;1.4129492665505778;26.223772899;30.936589878
