mean;q1;median;q3;std_dev;min;max;sum
2.6357220313987915;2.555416874512584;2.638385565137632;2.7201301812248664;0.17351073446006535;0.610114242781488;3.246951275279712;2358.971218101917
