mean;q1;median;q3;std_dev;min;max
0.02010770948930004;0.017449931000000002;0.018074448;0.0191777115;0.006057586914324571;0.016523931;0.122254881
