mean;q1;median;q3;std_dev;min;max;sum
2.25962601239646;2.12705917121698;2.205424112973763;2.323630961148135;0.3755764467503496;0;6.548301550548529;3034.6777346484487
