mean;q1;median;q3;std_dev;min;max
30.0814332863;29.828894893;29.898559863;30.268280681;0.31976073688728246;29.809147413;30.808605796
