mean;q1;median;q3;std_dev;min;max;sum
3.001322748864457;1.63552636959624;2.707109487793754;3.9085485774188697;1.9210518255061875;0.07623478387655999;7.18540974350484;150.06613744322283
