mean;q1;median;q3;std_dev;min;max
0.0013834985085999973;0.0005998635;0.000612109;0.000630759;0.026200096035181423;0.000559118;1.506600323
