mean;q1;median;q3;std_dev;min;max;sum
21.39779345885879;20.994498204585014;21.910863420472502;22.906681491571938;3.195866176144911;0.6875053810112;28.38974448644556;17717.372983935064
