mean;q1;median;q3;std_dev;min;max
20.7625333055;20.555245997;20.8845502135;20.986808531;0.26236397547704493;20.339403725;21.077361482
