mean;q1;median;q3;std_dev;min;max;sum
2.5742740120359726;2.169634416736452;2.2836111817227;2.69448628409142;0.7166189196399748;0.842328940502772;6.10085824639437;3004.1777720459827
