mean;q1;median;q3;std_dev;min;max
37.3977830396;37.284443007;37.341959040000006;37.418718482;0.2611628099032955;37.119224069;38.095544918
