mean;q1;median;q3;std_dev;min;max;sum
7.644727592343524;1.474928338621951;7.838562600317789;12.023798112605519;5.847945517339672;0;20.68339033673445;9471.817486913606
