mean;q1;median;q3;std_dev;min;max
34.1881035282;29.127589615;32.3191318715;37.423301676;6.662976849478699;25.763423849;45.616309291
