metric;mean;q1;median;q3;std_dev;min;max
disk_total;105597712384;105597712384;105597712384;105597712384;0;105597712384;105597712384
ram_used;528878452.5821595;497025024;552050688;560033792;42880464.00187848;354295808;594337792
ram_total;16782893056;16782893056;16782893056;16782893056;0;16782893056;16782893056
network_in;5600.701877934276;3568.5;5854;7528.5;2884.6767048734723;0;14918
disk_used;26957576141.521114;26957574144;26957582336;26957582336;18156.376098062658;26957393920;26957582336
cpu_usage;35.324327459077914;2.5;35.968045711517334;62.00971257686615;28.320119664175678;0;85.19841575622559
disk_read;118494191.74295771;54958489;102475366;175466905;81131575.23528343;0;341234483
disk_write;57234422.52464791;96665;57400524.5;90078412.5;47544323.30639333;0;184444518
network_out;751746.657863849;472412.5;780995;1017795;389670.6454000859;0;2032524
