mean;q1;median;q3;std_dev;min;max;sum
0.9165885516880345;0;0.0772190733047574;0.14734691951033568;2.276960483150447;0;10.20636480290076;2406.0449481810892
