mean;q1;median;q3;std_dev;min;max
0.3811857373398407;0.00275306;0.003314718;0.0078367665;2.008858654514908;0.001119147;30.483997117
