mean;q1;median;q3;std_dev;min;max;sum
2.9901446163420022;2.58408658798272;2.78417796399631;3.107442246228428;1.070222430552146;0.07761919607814959;14.993745601884997;15770.022706587724
