mean;q1;median;q3;std_dev;min;max
117.8623120342;116.81896986;118.0103719905;119.808491311;1.7749396965947697;113.93651928;119.971424897
