metric;mean;q1;median;q3;std_dev;min;max
ram_used;491515645.2979232;443879424;501676032;533876736;43985117.542424455;365883392;555307008
disk_write;22914215.892917898;49152;57344;37408768;33331880.422739565;0;140673024
disk_total;105597712384;105597712384;105597712384;105597712384;0;105597712384;105597712384
disk_read;34528924.812734045;28180480;36228300;42047897;9618174.901746308;78643;51852083
network_out;2.2727272727272725;0;0;0;18.989222840441464;0;283
ram_total;16781893632;16781893632;16781893632;16781893632;0;16781893632;16781893632
cpu_usage;11.112092392356136;11.309523582458496;12.467105865478516;13.095238089561462;3.3720268215255045;0;24.940476179122925
disk_used;26957602598.439262;26957582336;26957598720;26957623296;29035.260114194512;26957393920;26957664256
network_in;7.325842696629228;0;10;10;15.421985824198261;0;194
