mean;q1;median;q3;std_dev;min;max;sum
1.6744016071935675;0.34962489374031236;1.43243543104007;3.2411444968003202;1.192792836587543;0.34962489374031236;3.2411444968003202;5.023204821580703
