mean;q1;median;q3;std_dev;min;max
0.00013896654479999982;0.000104391;0.000108171;0.00011647099999999999;0.0006280108756974526;0.000096951;0.024532437
