mean;q1;median;q3;std_dev;min;max;sum
19.972733024952422;14.77549737582656;21.19537157397764;23.54425365966875;8.33769519354192;0.37867566315945606;58.17954525762992;14719.90423938996
