mean;q1;median;q3;std_dev;min;max
16.567664397399998;16.485139174;16.624277601499998;16.819030528;0.2926336312095534;15.985575921;16.882685794
