mean;q1;median;q3;std_dev;min;max;sum
6.4700743910245455;5.6431331914769505;6.6253581296348605;7.183120328743866;1.2458919667339932;1.427313069403975;10.59239003853872;1119.322869647247
