mean;q1;median;q3;std_dev;min;max
4.345869474299999;4.277902789;4.327589495;4.411809353;0.07144638406921511;4.255365991;4.463776159
