mean;q1;median;q3;std_dev;min;max;sum
12.78287674371372;8.484568711326359;10.88454922748897;16.603835679025448;8.458138914405934;0.06983597719261761;43.02541203017316;16796.700041239797
