mean;q1;median;q3;std_dev;min;max
32.6697847976;31.628108964;32.84426559;33.775862148;1.1275282142878267;30.693784686;34.235514211
