mean;q1;median;q3;std_dev;min;max;sum
0.30299299035758415;0.15332172672733518;0.23755211482863842;0.413815501772816;0.24354521737059798;0;1.3028894506098352;1631.3142600852332
