mean;q1;median;q3;std_dev;min;max
0.030614874138990462;0.01037273;0.0214377345;0.03995313;0.028579679840308573;0.002205183;0.1846654
