mean;q1;median;q3;std_dev;min;max;sum
2.6472521978664787;2.29385320201388;2.432512574509574;2.9340483835672027;0.5018319557396125;0.518948620734904;6.8633425863341895;5162.141785839629
