mean;q1;median;q3;std_dev;min;max
48.4941198547;48.179102738;48.396400093;48.730658277;0.46283653056737944;47.908637465;49.563999591
