mean;q1;median;q3;std_dev;min;max;sum
10.201575536293996;5.750899546983245;11.297582411511975;13.56246244693511;5.716254777985967;0.21751220479249797;31.628898914170023;12486.728456423843
