mean;q1;median;q3;std_dev;min;max
30.7447125935;29.361763471;29.557125239999998;32.645611029;1.718133896296912;29.067272802;33.433944584
