mean;q1;median;q3;std_dev;min;max;sum
15.679811544123952;11.888188450156271;15.54681607991758;17.25622074139905;6.928725499212095;0.28778106146742;48.39856154620292;12888.805089269908
