mean;q1;median;q3;std_dev;min;max
20.5125619181;20.125928866;20.323928102;20.618000959;0.5115899770884685;20.093768657;21.869441783
