mean;q1;median;q3;std_dev;min;max;sum
21.46880793219903;20.81219973918757;21.682746847332304;22.6089686358706;3.7299229369845843;0.668701919381724;45.70279513773708;8029.33416664244
