mean;q1;median;q3;std_dev;min;max
16.904985830599998;16.830380961;16.8863565885;17.091508525;0.2397356302137573;16.422028708;17.251434334
