mean;q1;median;q3;std_dev;min;max;sum
2.6497308907363117;2.426274347335952;2.52493878179902;2.70142925775303;0.9632199874931666;0;8.299242774599069;707.4781478265952
