mean;q1;median;q3;std_dev;min;max
6.6746657549999995;6.290968043;6.7568761665;6.786543855;0.30205822848586766;6.273063546;7.298275282
