mean;q1;median;q3;std_dev;min;max;sum
2.2262730464734037;2.0478488532869052;2.14075448853888;2.4091092182808476;0.38705857542445254;0;7.77338852189971;4543.823287852231
