mean;q1;median;q3;std_dev;min;max
65.4246092933;65.058742091;65.2779405185;65.74732115;0.4847143755110123;64.78958927;66.479264517
