mean;q1;median;q3;std_dev;min;max;sum
2.4575751077531063;2.3323463601893026;2.4257747952943802;2.5665475147124397;0.3259125332853285;1.15489705412136;4.197105227412161;400.5847425637564
