mean;q1;median;q3;std_dev;min;max
0.003714403749100004;0.0030645489999999997;0.0031661795;0.003445418;0.0024982360867301;0.002822411;0.032642742
