mean;q1;median;q3;std_dev;min;max;sum
2.5072165943359344;2.40040189388676;2.51403831535014;2.6441141766189205;0.48264123162332023;0.13160733201982;4.6704581036102;373.5752725560543
