mean;q1;median;q3;std_dev;min;max
0.0036918685094000036;0.003038199;0.003134154;0.0034171180000000002;0.0025008820066740483;0.002838727;0.030289399
