mean;q1;median;q3;std_dev;min;max;sum
2.6043104188787045;2.4395099950204204;2.5619789786668106;2.7410627338669404;0.3150637715290122;0.29378171784274204;4.58538559536;2060.0095413330546
