mean;q1;median;q3;std_dev;min;max
25.1906659605;25.172045711;25.22330055;25.263822728;0.1640079454486921;24.747610641;25.389735806
