mean;q1;median;q3;std_dev;min;max;sum
17.537760244562932;15.95476238856466;16.78273401327947;17.558880944380753;5.1584325800076964;1.4760598547140849;41.5774197504237;5278.865833613439
