mean;q1;median;q3;std_dev;min;max
6.809992812799999;6.653237524;6.7833074535;6.940838325;0.21884916137876506;6.503090444;7.283631047
