mean;q1;median;q3;std_dev;min;max;sum
3.9534207271896067;3.8315362179098;3.938544182682338;4.049258383723321;0.25827633205259376;0.8125698763252921;5.970122334984989;3091.5750086622693
