mean;q1;median;q3;std_dev;min;max
0.019566321909299984;0.017064921;0.0176736735;0.0189077665;0.005579489697328641;0.016267912;0.044270009
