mean;q1;median;q3;std_dev;min;max;sum
0.7824955813226967;0.7018053911219999;0.80740149420519;0.8382798586409;0.058432573356103336;0.7018053911219999;0.8382798586409;2.3474867439680898
