mean;q1;median;q3;std_dev;min;max
0.00013108325979999992;0.000105271;0.000108911;0.000117241;0.000552526002756118;0.000096192;0.024799384
