metric;mean;q1;median;q3;std_dev;min;max
disk_total;105597712384;105597712384;105597712384;105597712384;0;105597712384;105597712384
ram_total;492982272;492982272;492982272;492982272;0;492982272;492982272
cpu_usage;21.654970932006837;13.026315689086914;22.22222328186035;30;9.668005639260048;5;35
disk_write;48332.2;6553;6553;111001;51185.25227602185;6553;113049
disk_read;2721054.4;614400;614400;5881036;2580114.1721945256;614400;5881036
network_out;11572.6;6544;12896;15939.5;5534.769140623664;1760;18849
ram_used;101606195.2;99063808;99196928;105353216;3065005.243723699;98983936;105623552
disk_used;5650180505.6;5650067456;5650255872;5650255872;92304.61187530546;5650067456;5650255872
network_in;11321.8;6359;12585;15653;5438.961165516812;1715;18517
