mean;q1;median;q3;std_dev;min;max;sum
2.527523053578664;2.36859635620025;2.6267800727780104;2.9578896336627754;1.3120280734067267;0;13.482127114346548;17075.945749977353
