mean;q1;median;q3;std_dev;min;max
150.9023651879;143.396514989;151.88717206799998;157.446480455;6.112563623690508;143.120653994;158.850338368
