mean;q1;median;q3;std_dev;min;max;sum
2.2768156669803976;2.087122763983208;2.194255188799865;2.3332695154823897;0.4831609139091466;0.09459747877522559;4.288702481103149;651.1692807563942
