mean;q1;median;q3;std_dev;min;max
0.006438791634100003;0.004676895;0.0047295825;0.0048622265000000005;0.03833037325995637;0.004491496;1.5354876229999999
