mean;q1;median;q3;std_dev;min;max;sum
2.3877858925204465;2.184750896572253;2.306851792564906;2.3977902064243533;0.6514561551607336;0.470957271945856;5.48631351871109;377.27017101823054
