mean;q1;median;q3;std_dev;min;max
0.003596826165700011;0.0031346945;0.0031919805;0.003273951;0.002786462049744843;0.002996767;0.027887393
