mean;q1;median;q3;std_dev;min;max;sum
3.9386141472591256;3.85549217577011;3.9526384721979406;4.058823630113035;0.3185486821975014;0.8523197112842239;6.08530812656386;2075.6496556055577
