mean;q1;median;q3;std_dev;min;max
0.019602812194899986;0.017038045;0.017717193;0.018976029499999998;0.005640951987992855;0.016111282;0.045008438
