mean;q1;median;q3;std_dev;min;max;sum
0.41191834469585326;0;0.07849212878989019;0.1492961628293274;1.2714589840922086;0;6.735255283340781;2234.6570199750026
