mean;q1;median;q3;std_dev;min;max
0.07858954312616544;0.003219404;0.004024453;0.009251943;1.0391896410142207;0.00098039;36.171718069
