mean;q1;median;q3;std_dev;min;max;sum
7.607632557629766;6.262345327485239;8.397628762618956;9.1637695207219;2.4039830550918895;0.50123743824714;12.905939951322042;7440.264641361918
