mean;q1;median;q3;std_dev;min;max
22.1401186687;22.000505696;22.223773844500002;22.317628845;0.25127709928526265;21.55246719;22.416268844
