metric;mean;q1;median;q3;std_dev;min;max
disk_used;9122357248;9122357248;9122357248;9122357248;0;9122357248;9122357248
network_in;15.377153218495005;0;10;10;38.50347742194394;0;204
network_out;5.035358114233909;0;0;0;17.199106563313013;0;82
cpu_usage;17.850341394097846;14.878863990306854;18.681007146835327;22.50721514225006;5.605841995375555;0.3125;28.99051660299301
disk_read;4407381.741613776;617676;791347;2569011;7777327.117194424;288358;31955353
disk_write;24518.766092475063;0;0;0;137138.3387590887;0;1426227
ram_total;16779889878.455118;16779890688;16779890688;16779890688;2444.673541932848;16779882496;16779890688
disk_total;52755781632;52755781632;52755781632;52755781632;0;52755781632;52755781632
ram_used;7430592343.03536;6990446592;7187816448;7428345856;909126298.5007905;6376546304;12294754304
