mean;q1;median;q3;std_dev;min;max;sum
4.181675798175469;4.0756703066183055;4.17384825421608;4.298621174000299;0.3581841581246511;0.673941466135618;6.10166163028106;3006.6248988881644
