mean;q1;median;q3;std_dev;min;max
0.020172788115599985;0.017468667;0.0181382045;0.019527151;0.005918519474899232;0.016600493;0.046688818
