mean;q1;median;q3;std_dev;min;max;sum
5.3090201660056575;4.8643657227812;5.734028644076799;6.0909467306059;1.3725709906324692;0.279146986339778;9.5919096568856;4135.726709318406
