mean;q1;median;q3;std_dev;min;max
19.5259777072;19.391237268;19.486646051500003;19.636655226;0.1789807456037562;19.331742349;19.900203478
