metric;mean;q1;median;q3;std_dev;min;max
disk_used;9122357248;9122357248;9122357248;9122357248;0;9122357248;9122357248
disk_read;4990225.71897436;696320;937164;4246732;8140408.3290562555;143360;32086425
disk_write;30709.420512820507;0;0;0;168765.32702958467;0;1406566
ram_used;5055191121.919999;4700119040;4900257792;5211402240;568003837.0138962;4158205952;7342845952
ram_total;16781892002.002047;16781893632;16781893632;16781893632;3270.481598026153;16781885440;16781893632
disk_total;52755781632;52755781632;52755781632;52755781632;0;52755781632;52755781632
network_in;15.092307692307667;0;10;10;39.94002802032446;0;204
cpu_usage;26.87513687543379;23.24404799938202;29.23971927165985;32.00187945365906;6.932230796198474;0;39.293546199798584
network_out;5.05641025641026;0;0;0;18.136516427897124;0;96
