mean;q1;median;q3;std_dev;min;max;sum
0.11770525132611949;0;0.0738559921851144;0.08004671118686305;0.4267708777571951;0;3.3769225176367996;377.7161515055168
