mean;q1;median;q3;std_dev;min;max
0.051909835543273025;0.0026287065;0.003163733;0.004497528000000001;0.5286009547155777;0.000918911;11.906504545
