metric;mean;q1;median;q3;std_dev;min;max
disk_write;38252.20119692229;24576;31129;34406;182957.8013058031;0;5151129
network_out;1036.435166714165;509;990;1519;853.3605428882745;0;33224
disk_total;105597712384;105597712384;105597712384;105597712384;0;105597712384;105597712384
cpu_usage;1.1319720344891353;0;0;0;4.695779339576009;0;100
ram_total;492982272;492982272;492982272;492982272;0;492982272;492982272
disk_read;115660.5582787119;0;0;0;3848797.903371807;0;198606848
disk_used;5627033479.186088;5626195968;5627068416;5627625472;994073.6069225094;5625761792;5629534208
network_in;2190.8364206326573;1073;2107;3259;1428.1551863434502;0;32555
ram_used;285752189.55599874;190099456;285233152;380854272;110309011.73244406;99508224;477315072
