mean;q1;median;q3;std_dev;min;max;sum
15.409682461930506;15.176370163084169;15.679029183860756;16.331158171186438;2.2223528112018447;0.615739990980296;24.093370264221832;16164.756902565117
