mean;q1;median;q3;std_dev;min;max
26.2597414798;26.024374313;26.3046255625;26.627411732;0.4235030113034643;25.513272372;26.83624269
