mean;q1;median;q3;std_dev;min;max;sum
2.2272552556530134;2.129604791782876;2.2139973584793666;2.298110402676;0.45675394582287054;0.6706986155874809;5.642463974406331;351.90633039317623
