mean;q1;median;q3;std_dev;min;max
0.0035861677724000132;0.003134433;0.0031757785000000004;0.003249954;0.0028142423411088814;0.003017532;0.028435935
