mean;q1;median;q3;std_dev;min;max;sum
4.989553970288203;4.066071980588143;5.610221172218181;6.066824953903451;1.6104291540022464;0.1371469286121406;8.94691080332322;5094.334603664262
