mean;q1;median;q3;std_dev;min;max
23.016525934;22.906620696;22.9736443265;23.140578662;0.16906539394772532;22.768570654;23.347750242
