metric;mean;q1;median;q3;std_dev;min;max
network_out;4.444734551784166;0;0;0;16.963066946964652;0;96
ram_total;16781892804.95737;16781893632;16781893632;16781893632;2468.0222447727124;16781885440;16781893632
ram_used;4813917459.383809;4504160256;4694855680;4941557760;585809907.0183932;3962732544;8026742784
disk_write;29192.3986074848;0;0;0;168930.64222204892;0;1300070
disk_used;9122357248;9122357248;9122357248;9122357248;0;9122357248;9122357248
disk_read;4592933.884247166;638976;901120;3931340.5;7777142.034547943;0;32348569
disk_total;52755781632;52755781632;52755781632;52755781632;0;52755781632;52755781632
network_in;15.583986074847676;0;10;10;45.89685663948414;0;247
cpu_usage;25.267862055019478;21.513157844543457;27.20394766330719;31.546053290367126;7.589877766540908;1.1904761791229248;39.92951202392578
