mean;q1;median;q3;std_dev;min;max;sum
3.425170474919766;2.5229416461999903;3.37428681023364;4.08087661367589;1.0611524724529215;0.22742901052830006;12.203299734260108;5997.4735015845
