mean;q1;median;q3;std_dev;min;max
39.4508617808;39.026188587;39.3479721575;39.813250936;0.4853177748399311;38.896280797;40.579627075
