mean;q1;median;q3;std_dev;min;max;sum
2.161472121405736;2.0177340035894202;2.09872798950636;2.2185549358722754;0.388289503910777;0;7.99732855416592;3430.2562566709007
