mean;q1;median;q3;std_dev;min;max
44.5184312018;43.665779015;44.0504915245;44.913728691;1.3378623576380473;43.267237869;48.014726298
