metric;mean;q1;median;q3;std_dev;min;max
ram_used;1462554116.1550941;958980096;1464432640;1969700864;585498934.111381;360337408;2485108736
disk_write;13217.506311992784;0;0;5734;45806.070354212294;0;306380
network_out;25.517132551848487;0;0;0;71.11689740784196;0;474
disk_read;6826180.085662772;6622412;6660096;6710067;1817682.8929422859;0;22682828
disk_used;7772750424.180339;7772745728;7772749824;7772762112;16164.006203666378;7772577792;7772762112
ram_total;16782893056;16782893056;16782893056;16782893056;0;16782893056;16782893056
network_in;23.042380522993664;0;10;10;70.34170756648057;0;504
disk_total;105597712384;105597712384;105597712384;105597712384;0;105597712384;105597712384
cpu_usage;24.97435241835518;25;25;25;2.31897531804259;0;48.69047689437866
