mean;q1;median;q3;std_dev;min;max;sum
2.9103774023516347;2.5546687460469837;2.7709613003904003;3.1116960110602454;1.2183769854127753;0;13.98263388393494;16103.118167211634
