mean;q1;median;q3;std_dev;min;max
123.7405804131;119.383376649;125.8700799385;128.579185786;6.341401574294585;112.902393728;132.841266428
