mean;q1;median;q3;std_dev;min;max;sum
2.7441738953911425;2.310307268288981;2.4385754786698253;2.8149245942065138;0.9574171157269716;0.19969585863248562;8.77785272713288;1070.2278192025465
