mean;q1;median;q3;std_dev;min;max
8.753754456900001;8.518811575;8.736419597;8.867200818;0.2311527873203576;8.48302105;9.163464601
