mean;q1;median;q3;std_dev;min;max;sum
1.96022779815068;1.59258918922;2.2273082277153775;2.562743452386544;0.9608024648747596;0;7.83869575706568;1901.4209642061628
