mean;q1;median;q3;std_dev;min;max
21.828908323199997;21.559242399;21.620297972499998;22.084666476;0.3349467486865759;21.519692424;22.54653156
