mean;q1;median;q3;std_dev;min;max;sum
2.595535080762822;2.5153133031656925;2.60128035930528;2.6924239937921;0.20621857632979806;0.420252599362323;3.123904535180056;1923.291494845254
