mean;q1;median;q3;std_dev;min;max
0.020714154885200096;0.017932160000000003;0.018682725;0.0199589075;0.005996475745078337;0.016703049;0.06443535
