metric;mean;q1;median;q3;std_dev;min;max
disk_total;105597712384;105597712384;105597712384;105597712384;0;105597712384;105597712384
cpu_usage;90.58414878328716;89.47368621826172;90;94.73684692382813;7.040020759564908;5;100
ram_used;106234442.27466148;104075264;106807296;107397120;3551804.139668917;99803136;143122432
network_in;68568.38104448744;68469;70774;72509;9952.876022915814;140;77542
disk_used;5650252318.700192;5650255872;5650255872;5650255872;23702.470645525027;5650067456;5650259968
network_out;9036367.191489358;9200952;9383443;9522075;1318208.0667345906;155;9961889
ram_total;492982272;492982272;492982272;492982272;0;492982272;492982272
disk_write;12233.181818181807;0;0;1638;55905.854167528705;0;543948
disk_read;130724.12959381044;0;0;0;721036.4645110955;0;6331596
