mean;q1;median;q3;std_dev;min;max;sum
15.622064556643386;8.965508531102548;12.025306610640321;22.954249934117318;10.753848245415018;0.0905636744595982;40.2493500611298;10154.341961818203
