mean;q1;median;q3;std_dev;min;max
14.6003426327;13.865196562;14.107714513000001;15.632118432;0.9579347744991669;13.503643978;15.9767788
