metric;mean;q1;median;q3;std_dev;min;max
disk_write;67685347.67724146;20480;82537676;109675724.5;55352289.57530474;0;173306675
network_out;3206608.9503448294;0;0;19;8300905.882507078;0;32323955
ram_used;546767542.907586;519186432;555745280;582639616;40539653.46490188;386154496;602472448
disk_total;105597712384;105597712384;105597712384;105597712384;0;105597712384;105597712384
ram_total;16781893632;16781893632;16781893632;16781893632;0;16781893632;16781893632
cpu_usage;23.033774976401517;14.396408051252363;27.6488094329834;33.86904716491699;13.048983929403807;0;49.22168064117432
network_in;24269.648275862077;0;10;30;62703.876961513015;0;245242
disk_read;119207095.55448274;62228889.5;125540761;172582912;73944348.76927003;0;290141798
disk_used;15440233052.513105;15465631744;15465631744;15467753472;70085714.31990807;15240290304;15468580864
