mean;q1;median;q3;std_dev;min;max;sum
2.939254184407448;2.831708527612718;2.938457477934;3.0508761545978302;0.2602973716486431;0.953781920108904;4.210220129081607;955.2576099324216
