mean;q1;median;q3;std_dev;min;max
0.007341745089199988;0.006113123;0.0063153255;0.0070361785;0.0035026584642601968;0.005552562;0.032825566
