mean;q1;median;q3;std_dev;min;max;sum
2.483795062232417;2.2759437698522413;2.4451506999688197;2.7019986735650097;0.6845277473653638;0;4.33081833852195;288.12022721896057
