mean;q1;median;q3;std_dev;min;max
0.002904415364599987;0.001714671;0.001735562;0.001779998;0.03428740323892789;0.001647147;1.510531463
