metric;mean;q1;median;q3;std_dev;min;max
disk_used;6313264575.098593;6316662784;6316732416;6316732416;14548692.926993173;6211809280;6316736512
ram_total;492982272;492982272;492982272;492982272;0;492982272;492982272
disk_write;148361.47887323936;0;74547;173670;200958.98563268367;0;704512
network_in;13667.781690140848;85;11707;28194;12581.368188499784;0;29874
disk_read;7098390.697183099;3276;909312;16847667;9338261.584962672;0;22777036
network_out;10131.2323943662;158;8655;20837;9263.872106400182;0;22058
ram_used;144812147.3802817;144584704;151883776;152203264;19775006.038249265;75845632;181231616
cpu_usage;86.71012931474493;85;95;95.23809814453124;20.915098115218782;0;100
disk_total;105597712384;105597712384;105597712384;105597712384;0;105597712384;105597712384
