mean;q1;median;q3;std_dev;min;max;sum
2.041255466605205;1.8919125566327;1.97994121209236;2.2295955421408804;0.344216364034188;0;9.41093910182569;11629.032393249816
