mean;q1;median;q3;std_dev;min;max
127.73035683919998;126.46533997;126.85850792;127.973797303;2.7581413926942746;125.600670515;135.707809135
