mean;q1;median;q3;std_dev;min;max;sum
6.8802062439467715;2.7878974200026354;5.998864082816924;8.7361708362302;5.044081952810812;0.37307095113834;37.112322511547404;8627.778629909255
