mean;q1;median;q3;std_dev;min;max
34.1841199005;29.819654793;32.5197937755;41.287195276;5.86335259143023;25.73804574;41.863693553
