metric;mean;q1;median;q3;std_dev;min;max
cpu_usage;14.668396009023862;6.413690567016602;13.901159048080444;19.40639978647232;8.986922315205375;0.347222238779068;59.2538765668869
disk_total;52755781632;52755781632;52755781632;52755781632;0;52755781632;52755781632
network_out;75337.69429747199;0;0;0;244049.54279473025;0;966872
disk_used;9130173581.46972;9121460224;9122328576;9137848320;14602427.110264448;9119264768;9186525184
ram_used;7477388882.172845;7081357312;7313743872;7599611904;760883215.5455776;6382223360;10192117760
disk_write;4573707.51734274;0;1090355;10119167.5;5315666.118780132;0;17907712
network_in;1061.4244562022348;0;10;13;3374.6959421066595;0;13532
disk_read;18095923.425044116;4727602.5;16600268;30434098.5;12934860.230027651;0;43377459
ram_total;16779889686.273943;16779890688;16779890688;16779890688;2683.781791318391;16779882496;16779890688
