mean;q1;median;q3;std_dev;min;max;sum
6.758642023551085;6.57968011789662;6.964454053821401;7.475253246354099;1.305272701440117;0.470821574312076;8.71538176656232;1047.5895136504182
