mean;q1;median;q3;std_dev;min;max
4.2787276678;4.231661594;4.287419703;4.313355274;0.05189126976119851;4.196951173;4.372607255
