mean;q1;median;q3;std_dev;min;max;sum
3.6070417870664664;3.334661185412583;3.6025085588922754;3.9289600757918897;0.46747776765362536;0.21138880416909922;4.792837200653791;1583.49134452218
