mean;q1;median;q3;std_dev;min;max
0.01229462503330002;0.0101705645;0.011166991000000001;0.012471095500000001;0.004231174485792011;0.009054282;0.04276192
