mean;q1;median;q3;std_dev;min;max;sum
0.11528009064437124;0.07642357198500921;0.08687089573716374;0.16734820719194501;0.07228024912481361;0;0.720828747203985;613.751202590633
