mean;q1;median;q3;std_dev;min;max
0.0007630853580014012;0.000396348;0.0005921735;0.00094775;0.0005729570170450035;0.000164824;0.02377551
