mean;q1;median;q3;std_dev;min;max;sum
2.327020589336944;2.1612164133907;2.25769634515735;2.4060219292186438;0.482073203413183;0;8.31590893164801;2818.02193368704
