mean;q1;median;q3;std_dev;min;max
30.050280890800003;29.721959605;30.120146249;30.311096786;0.3354007485737128;29.624947279;30.595562621
