mean;q1;median;q3;std_dev;min;max;sum
21.35476086491208;20.85854131559314;21.87688507329474;22.95628624575744;3.233440169134577;0.940293569530293;26.899282114327804;9801.835236994635
