mean;q1;median;q3;std_dev;min;max
20.689035216500002;20.40125116;20.618388014;20.821572844;0.35121115892765153;20.340097907;21.497585822
