mean;q1;median;q3;std_dev;min;max;sum
2.772134649211438;2.6390944348876797;2.762874058196953;3.14537741532382;0.7325473469108325;0.0817541056391936;4.073177374027092;194.0494254448007
