mean;q1;median;q3;std_dev;min;max
0.0016194473699999933;0.000601007;0.000615006;0.000639542;0.03226389373437085;0.000569261;1.507777146
