mean;q1;median;q3;std_dev;min;max;sum
4.097889106309921;2.565666430020491;4.182697729664694;5.50943570075112;1.5412520268968657;0.34429444065544;9.07586092667681;5761.632083471751
