mean;q1;median;q3;std_dev;min;max
39.617410197999995;39.305584366;39.551840823999996;39.829019305;0.4301121447730788;39.020923966;40.591851887
