metric;mean;q1;median;q3;std_dev;min;max
cpu_usage;20.66148893385674;13.095238089561462;21.883093267679214;25.73408019542694;7.567447502722158;3.0952380895614624;40.773810625076294
ram_used;5199342173.8926115;4773998592;5197686784;5474938880;630825842.2149693;4024172544;7109197824
network_out;66107.1580547112;0;0;0;230228.73973923243;0;988199
ram_total;16781892818.609962;16781893632;16781893632;16781893632;2449.834287874889;16781885440;16781893632
disk_read;14290794.629685905;3434086;9447423.5;27149107;11772246.21605703;0;32809779
network_in;934.8758865248221;0;10;10;3193.5630327694525;0;13932
disk_used;9122357248;9122357248;9122357248;9122357248;0;9122357248;9122357248
disk_write;11412.734042553184;0;0;0;94923.69076608973;0;1103462
disk_total;52755781632;52755781632;52755781632;52755781632;0;52755781632;52755781632
