mean;q1;median;q3;std_dev;min;max;sum
12.64718634014965;7.9609849195793;10.889867925552;16.350942374795398;8.37224847981371;0;41.32814368378679;14911.032695036422
