mean;q1;median;q3;std_dev;min;max
33.4520337808;32.445016082;33.595175204499995;34.702605818;1.2656194930847935;31.354189996;35.064208587
