mean;q1;median;q3;std_dev;min;max;sum
2.040538706453175;1.8892591396865555;1.983430158240171;2.2359414264640978;0.3295335596871537;0;7.15670195391869;11561.692310763723
