mean;q1;median;q3;std_dev;min;max
127.03558849890001;126.390573551;126.86796053949999;127.505735976;0.8184944897664703;126.085412815;128.793705098
