mean;q1;median;q3;std_dev;min;max;sum
7.9168146929914744;7.57408926075032;8.00986766240393;8.77946553809056;1.5288820423516662;1.01674289287032;11.32532751314558;839.1823574570966
