mean;q1;median;q3;std_dev;min;max
3.3906002247000004;3.3492313510000002;3.4051530125;3.433698407;0.0774024941730358;3.255060685;3.5040569010000002
