mean;q1;median;q3;std_dev;min;max;sum
0.40422346084433414;0.20111459653818262;0.4545086437948725;0.57687202443948;0.22523183718090767;0;1.04979387308173;2178.7644539509647
