mean;q1;median;q3;std_dev;min;max
0.008338002732047755;0.0031171174999999997;0.0053079485;0.0109416865;0.007454164238689767;0.002000344;0.093245412
