mean;q1;median;q3;std_dev;min;max;sum
0.6719829696822708;0.425922959559757;0.52849777119216;0.9897855790498399;0.3222135958110418;0.336446524870892;1.2721150722911099;3.359914848411354
