mean;q1;median;q3;std_dev;min;max
0.00013438045640000012;0.0001021215;0.000106801;0.000115196;0.0006224425107454905;0.000095721;0.023016837
