mean;q1;median;q3;std_dev;min;max;sum
0.35358377958141635;0;0.07871207708268241;0.1506804322624438;0.8317891967822063;0;4.623657304276023;1994.566100618768
