mean;q1;median;q3;std_dev;min;max
0.19820389921365889;0.0037746615;0.005175779;0.011231360999999999;1.2751914247310245;0.000980603;28.330740887
