mean;q1;median;q3;std_dev;min;max;sum
2.0592919608168407;1.9034856889422;1.9990086045888518;2.2635340323746895;0.3267848725424105;0;6.878809408130881;10522.981919774013
