mean;q1;median;q3;std_dev;min;max
127.2447858553;126.246075268;126.836291909;128.524826146;1.1967502036948163;125.67092997;129.108942403
