mean;q1;median;q3;std_dev;min;max;sum
16.45869514393379;9.40899507379973;11.98541250027846;24.45106304685003;10.559230173607393;0.2802943178418;40.396594645970644;8031.843230239684
