mean;q1;median;q3;std_dev;min;max
13.770147600500001;13.358305454;13.8054453595;13.927668519000001;0.4528361061162562;13.170896028;14.79348869
