mean;q1;median;q3;std_dev;min;max;sum
1.82776063353445;1.7647999315761569;1.8464584205518926;1.944603436119346;0.27885989623586216;0.34177094383686807;2.4180732192783294;288.78618009844325
