mean;q1;median;q3;std_dev;min;max
0.00398096851409998;0.003012618;0.0032011365;0.004046681;0.0026786918468729042;0.00266446;0.030543926
