mean;q1;median;q3;std_dev;min;max;sum
2.1264807481798864;2.0353924952241815;2.13832926109512;2.2323019747000696;0.28012240323442716;0.4246225098149287;3.0982208637834;240.29232454432713
