mean;q1;median;q3;std_dev;min;max
0.003716165918500003;0.0031227085;0.003183514;0.0032886699999999996;0.002943258646501658;0.002986316;0.04008053
