mean;q1;median;q3;std_dev;min;max;sum
2.724616735064074;2.2756249829420803;2.4325902592881636;2.6159231909931;1.3914991936203023;0.16650916606052943;6.87935248793518;223.4185722752541
