mean;q1;median;q3;std_dev;min;max
0.0026191074247999884;0.0017208764999999998;0.001744867;0.0017836524999999999;0.02380043160115506;0.001662761;1.030741984
