mean;q1;median;q3;std_dev;min;max;sum
19.809504378851727;15.072738426451739;21.205753968256;22.91325764662345;8.102361979595923;0.557868604839312;46.97159010282844;12935.606359390205
