mean;q1;median;q3;std_dev;min;max
16.4091287661;16.117650405;16.5338040965;16.587761955;0.29338262098517265;15.836941816;16.726862521
