mean;q1;median;q3;std_dev;min;max;sum
2.9784825408160147;2.576248140516044;2.7768589387030898;3.110846369218198;1.0085732058814858;0.24723144322225502;10.9240361056344;12310.068341192591
