mean;q1;median;q3;std_dev;min;max
131.6736653367;130.74696983;131.508784509;132.153020721;1.0717159225455661;130.410053373;134.063895325
