mean;q1;median;q3;std_dev;min;max;sum
2.7760354192530867;2.47797692327155;2.5882416630643195;2.6982589396780154;1.1124091334648176;0;9.44293592761805;752.3055986175867
