mean;q1;median;q3;std_dev;min;max
6.7239746698;6.28034999;6.771337363500001;6.793579256;0.3668929467122943;6.235435621;7.302530783
