mean;q1;median;q3;std_dev;min;max;sum
17.41114067370655;9.96223681238325;12.935662430110774;26.672024997187734;11.177219547061052;0.14435966868312602;42.098759563461996;7660.901896430886
