mean;q1;median;q3;std_dev;min;max
11.0410952686;10.845489758;11.036152742999999;11.349068658;0.28343032358431103;10.596707294;11.426698155
