mean;q1;median;q3;std_dev;min;max;sum
0.1036568172311182;0.07396139047302075;0.0830825766563842;0.1611396065048486;0.07048328227458839;0;1.786194148804725;551.9725517557064
