mean;q1;median;q3;std_dev;min;max
0.0011973635851390985;0.00047833;0.000873122;0.001664329;0.0009452386725696081;0.000161445;0.010423044
