mean;q1;median;q3;std_dev;min;max;sum
11.976783640846008;6.273713727380961;10.814145921793333;15.932060160561962;8.531763066266159;0.258811693458273;41.553392670989496;16551.91499164915
