mean;q1;median;q3;std_dev;min;max
34.7984876808;34.341930747;35.309865017;35.860453639;1.7482907645447747;30.186671981;36.673809211
