mean;q1;median;q3;std_dev;min;max;sum
2.188185779213034;1.8544594526123117;2.23483037458208;2.47526751044471;0.2555809720033493;1.8544594526123117;2.47526751044471;6.564557337639101
