mean;q1;median;q3;std_dev;min;max
0.00013203316150000018;0.000105972;0.000110627;0.000120622;0.000546847793597961;0.000096391;0.025457005
