mean;q1;median;q3;std_dev;min;max;sum
21.150333663527213;20.6548272399933;21.4852166478181;22.5829001436129;3.8117456350125596;0.60865421440642;38.09959848041891;12669.049864452796
