mean;q1;median;q3;std_dev;min;max
16.796333318699997;16.630303686;16.772145817000002;16.910358214;0.1969449946587715;16.497263201;17.097786241
