mean;q1;median;q3;std_dev;min;max;sum
9.83515213458135;5.29360958922334;11.16984200335892;12.731896191609179;5.614257669405907;0.3000637057445315;34.303328543665245;13611.850554260598
