mean;q1;median;q3;std_dev;min;max
31.049038792199994;29.173821289;31.571717403500003;32.607053391;1.6338120249099595;28.861519581;32.84363001
